signal,decision,stop_index,stop_date,stop_time_years,evidence_at_stop,posterior_mean_at_stop,posterior_dead_at_stop,calibration_months,validation_months,monthly_sigma,validation_increment_mean,validation_increment_variance_over_dt,validation_lag1_autocorr,holdout_months,holdout_mean_return_percent,holdout_t_stat,decision_label,first_date,last_date
AM,1,46,1983-11-30,3.833333333333333,3.9725934618549488,0.1554309903132075,0.5601301487082296,120,240,3.6710421996361253,0.05908390277654515,1.2491344617334692,0.3321583077798249,120,0.855390960901125,2.989803602772719,activate,1970-01-30,2020-12-31
AOP,-1,64,1991-11-29,5.333333333333333,0.6750492043198751,0.02284935048660571,0.7708313652738152,120,240,2.8231429493291107,0.01227685766583202,0.9312918265344052,0.06732970435167271,120,0.2215433832484593,0.7730769995591555,reject,1976-07-30,2020-12-31
AbnormalAccruals,1,26,1984-09-28,2.1666666666666665,3.5793605302962765,0.1491384991377323,0.563608446192815,120,240,1.5597379434387235,0.047134936845514494,1.8065650182044843,0.04991559992744189,120,0.41314250877947095,2.3799046211144614,activate,1972-07-31,2020-12-31
Accruals,-1,43,1983-08-31,3.583333333333333,0.03523236812490038,0.001480485985445347,0.7532325962618014,120,240,2.35279295909048,0.07101082929105032,0.6482310846314271,0.19300433516736257,120,0.7989703660309316,4.703671020196588,reject,1970-01-30,2020-12-31
AccrualsBM,1,49,1984-02-29,4.083333333333333,3.472077079913129,0.1330511854140633,0.6067271152746153,120,240,6.150816473098495,0.06439233066469073,0.5691480511295522,0.16992346374849648,120,1.3238249712123185,3.43534076293337,activate,1970-01-30,2020-12-31
AdExp,1,50,1984-03-30,4.166666666666666,3.410497145563923,0.13007722957485945,0.6130283169249058,120,240,4.583600950702141,0.03567299719348707,0.5470645749125742,0.16724800029201645,120,0.7555237582262853,2.4687170234650293,activate,1970-01-30,2020-12-31
AgeIPO,-1,43,1994-07-29,3.583333333333333,-0.020023638142242298,-0.000740237224404014,0.7532493236369004,120,240,3.162517940086468,0.04673314077066202,3.49127562843038,0.16275123210567238,120,0.6008414863566122,0.9448147377180971,reject,1980-12-31,2020-12-31
AnalystRevision,1,19,1987-10-30,1.5833333333333333,3.5606495087638987,0.15195104616308816,0.5545070928796026,120,240,1.4075856447140414,0.17854931037756916,1.320551333566899,-0.013125308242559506,120,1.123705111561095,8.67511848741091,activate,1976-03-31,2020-06-30
AnalystValue,1,53,1990-12-31,4.416666666666666,-3.6710042583928573,-0.1392482558715967,0.5963385921686817,120,240,2.2266296881975194,0.02137945631366084,4.917160711611095,0.24263181973549455,120,-0.22976848916864137,-0.5412434815310307,activate,1976-07-30,2020-12-31
AnnouncementReturn,1,19,1983-03-31,1.5833333333333333,3.5011209450567238,0.1493258512761112,0.559541621681923,120,240,2.356487880011128,0.16572324134740396,0.48499344434845276,-0.11641616383818833,120,1.2691947197224809,11.487406727474424,activate,1971-08-31,2020-12-31
AssetGrowth,1,35,1982-12-31,2.9166666666666665,3.545869503086426,0.14272738258259396,0.5807159716960699,120,240,3.172069985358876,0.12479798648076336,1.4302357908885772,0.061619111126324164,120,1.0129084206294938,2.852619843550901,activate,1970-01-30,2020-12-31
BM,1,46,1983-11-30,3.833333333333333,3.765535098492418,0.14623516951316898,0.5790287883914428,120,240,5.171807393085145,0.07229365759935795,0.5621350707251955,0.18439969231208103,120,1.5158048394909651,5.18503960522562,activate,1970-01-30,2020-12-31
BMdec,1,46,1983-11-30,3.833333333333333,3.703176424326675,0.14373045578310478,0.5840877078411286,120,240,4.082432594712805,0.06536832092670797,0.595177255162117,0.237896091559158,120,1.0210453212779016,4.286039791891333,activate,1970-01-30,2020-12-31
BPEBM,-1,79,1986-08-29,6.583333333333333,0.6754399585703401,0.02124016837879893,0.7869707328627565,120,240,1.2302857799808296,0.0336388027642571,1.3787262589427436,0.20910215972539414,120,0.022199895354776584,0.17803042668952765,reject,1970-01-30,2020-12-31
Beta,-1,43,1983-08-31,3.583333333333333,-0.09247872357189255,-0.0037014168058206176,0.7531155113880574,120,240,6.514329996568064,-0.000883447782012392,0.6461753590302974,0.24066547757230375,120,-0.6048449399720688,-1.3959650519765319,reject,1970-01-30,2020-12-31
BetaFP,1,53,1984-06-29,4.416666666666666,-3.4823350639549937,-0.13103851635080957,0.6126761653792051,120,240,7.699764641351559,-0.013536016446633893,0.6861716303668988,0.22406192422776858,120,-0.6930188339009041,-1.2263212862089177,activate,1970-01-30,2020-12-31
BetaLiquidityPS,1,49,1984-02-29,4.083333333333333,3.563435433448513,0.13635770580394346,0.6002239385593443,120,240,3.884514440978053,0.03482745816276202,0.7585167691556368,0.11785521382250541,120,0.020250524943497557,0.06782832060039379,activate,1970-01-30,2020-01-31
BetaTailRisk,1,42,1983-07-29,3.5,3.605754386331622,0.14163254535013114,0.5863697679764793,120,240,3.1355319069100265,0.019753172298403242,1.1006415194759231,0.25977038802941377,120,-0.16074485529648103,-0.5195837658019088,activate,1970-01-30,2020-12-31
BidAskSpread,-1,53,1984-06-29,4.416666666666666,0.5069498181370891,0.017680760967636842,0.7613170677082751,120,240,8.462083124050027,0.0016423836509394034,0.5525530332409722,0.08244035430371238,120,-0.30801707046744975,-0.5049866535647113,reject,1970-01-30,2020-01-31
BookLeverage,-1,46,1983-11-30,3.833333333333333,-0.008425711626111804,0.0,0.756723240027216,120,240,1.7318214703544657,0.01546203555563069,2.1943013814980654,0.35810719501706045,120,0.09020727369935357,0.5616247149500078,reject,1970-01-30,2020-12-31
BrandInvest,-1,67,1985-08-30,5.583333333333333,0.8185537458931589,0.0272047107237086,0.771437059658858,120,240,5.177153536284839,0.004184520554758205,0.9377644636690035,-0.005371128395720399,120,0.04852139099585715,0.11914188586359312,reject,1970-01-30,2020-12-31
CBOperProf,-1,44,1983-09-30,3.6666666666666665,-0.15299925880521278,-0.005895039641912257,0.7540590265969382,120,240,4.221844130805885,0.03349072982668004,0.5657351490483716,0.10035236188064389,120,0.5624145965215114,2.0563045478394764,reject,1970-01-30,2020-12-31
CF,1,59,1984-12-31,4.916666666666666,3.71485183932823,0.13777345483417996,0.6020248343570384,120,240,3.5746858364354117,0.0388891353213133,1.2997875079576728,0.04356665485411448,120,0.49252651575794676,1.1610723789047364,activate,1970-01-30,2020-12-31
Cash,1,97,1989-11-30,8.083333333333332,3.4126399684883224,0.10756250440610765,0.6800082266370127,120,240,3.0586751198687523,0.07587121299362537,3.6992935535386278,0.17478697254503422,120,0.98598088690702,2.601579934661578,activate,1971-10-29,2020-12-31
CashProd,1,51,1984-04-30,4.25,3.647187316489272,0.138635393879708,0.5966451077549484,120,240,3.4014503892093972,0.05113029947575846,0.8934632086371362,0.3389049752869353,120,0.8446272234594691,3.977566657163313,activate,1970-01-30,2020-12-31
ChAssetTurnover,-1,49,1984-02-29,4.083333333333333,0.3673449577162604,0.012963182978303477,0.7583874863088617,120,240,1.3689184571608162,0.0545161854992169,0.5767438561293148,0.14346358931537234,120,0.35438649545662887,4.172644719832189,reject,1970-01-30,2020-12-31
ChEQ,-1,61,1985-02-28,5.083333333333333,0.47187719574413794,0.016333345619275096,0.7705406435856652,120,240,2.865645995236387,0.050515835824394444,1.0738380770107374,0.08585206590644857,120,0.5505624076640522,1.9268139320703543,reject,1970-01-30,2020-12-31
ChForecastAccrual,1,37,1989-08-31,3.083333333333333,3.6271947664309323,0.1450823121148293,0.5770984312149112,120,240,1.1683239678088893,0.06937662588263811,1.3518986936800403,-0.07518865070270717,120,0.2846082543296455,2.5062687089597997,activate,1976-07-30,2020-06-30
ChInv,1,46,1983-11-30,3.833333333333333,3.41858366283168,0.13207629987439679,0.6070812068816973,120,240,2.3429346925733396,0.11129860542881544,1.005322530558836,0.10724787443026305,120,0.7393185669587449,3.221379637896092,activate,1970-01-30,2020-12-31
ChInvIA,1,35,1982-12-31,2.9166666666666665,3.8414482867777044,0.15548883987881154,0.5553115917824061,120,240,1.3433965428144203,0.0949343711183977,1.207984803279762,0.08836129503074663,120,0.27108622446036906,2.145592136888492,activate,1970-01-30,2020-12-31
ChNAnalyst,1,79,1993-06-30,6.583333333333333,4.119598109938243,0.14330255816897236,0.5982627837252468,120,240,5.436290523977983,0.0831981381630441,1.2632916130135154,0.013335763297620307,120,0.9290689036219827,1.7997594654180398,activate,1976-05-28,2020-06-30
ChNNCOA,1,47,1983-12-30,3.9166666666666665,3.4724286433109133,0.13406159225422656,0.6037405532869063,120,240,1.1156725808537609,0.08907247225659803,1.0574067401634877,0.14605384850385708,120,0.3539247035421928,3.378239917454879,activate,1970-01-30,2020-12-31
ChNWC,1,85,1987-02-27,7.083333333333333,3.9178541542575473,0.13227997952127576,0.624008108542491,120,240,1.1591555675171012,0.04942777356302524,0.417517474859348,0.06751036187819395,120,0.2007196099319308,3.3132323052058523,activate,1970-01-30,2020-12-31
ChTax,1,11,1980-12-31,0.9166666666666666,3.3951119822056035,0.14907483742510175,0.5555262842179212,120,240,3.2371574856354224,0.10954209769787544,0.4188952467948683,1.8405354406643112e-05,120,1.3680549808297944,7.329531526408095,activate,1970-01-30,2020-12-31
CitationsRD,1,79,1994-02-28,6.583333333333333,3.5220032338050387,0.11979432988325892,0.6473736191032656,120,240,1.697872912500198,0.031214139893507156,1.1479248803691908,0.21631894325264045,120,0.22874117395052634,1.1368330169272487,activate,1977-07-29,2011-06-30
CompEquIss,1,11,1980-12-31,0.9166666666666666,3.4386885716629703,0.15085206374211158,0.5522039107719026,120,240,1.9670495479390404,0.06168892388205333,1.353086210888585,0.1932345416414184,120,0.4181247324453425,1.9759824215746888,activate,1970-01-30,2020-12-31
CompositeDebtIssuance,1,50,1984-03-30,4.166666666666666,3.5448099318928605,0.13502095992682053,0.6033547945796575,120,240,1.5474642670720182,0.06678782065228095,0.5642771715322643,0.028807306461528886,120,0.3716939087279793,3.1664224759731026,activate,1970-01-30,2020-12-31
ConvDebt,1,43,1983-08-31,3.583333333333333,3.6856907437731334,0.14446792967553077,0.5812074807380354,120,240,1.140954283429141,0.098707391726018,0.8374443858211039,0.09708605794953394,120,0.2651863829667596,2.95644897052998,activate,1970-01-30,2020-12-31
CoskewACX,-1,56,1984-09-28,4.666666666666666,0.32983550225160085,0.011142550177252027,0.7666762145742969,120,240,1.9648037191429013,0.045089983638975255,1.4520426671698745,0.04617277904261411,120,0.32680055397264424,1.3489737800027,reject,1970-01-30,2020-12-31
Coskewness,1,11,1980-12-31,0.9166666666666666,3.430347834621009,0.15085206374211158,0.5522039107719026,120,240,2.57615579387537,0.03862498094615258,0.8579113092052137,0.10138313432868286,120,0.13909068753683324,0.7229467380659831,activate,1970-01-30,2020-12-31
CredRatDG,1,34,1998-12-31,2.833333333333333,3.850490205953024,0.15688040876128945,0.5520376028214589,120,240,3.2638140930597235,0.0784855953150152,1.8853522781454681,0.11892785971050805,120,1.2151399003340846,3.3366512148409737,activate,1986-02-28,2017-01-31
CustomerMomentum,1,43,1991-02-28,3.583333333333333,3.7278220515376916,0.14614620568884676,0.5778391382642479,120,240,5.123311108899752,0.0540264975444007,1.5659573266795905,0.10303239459783461,120,1.7000804799515659,2.546022024443825,activate,1977-07-29,2020-12-31
DebtIssuance,1,33,1984-10-31,2.75,3.4983580737503552,0.1420573785427604,0.5809810421548135,120,240,1.0538584763656142,0.13957991956707844,1.383297419138857,0.009572924156219737,120,0.3738021203507081,4.883870862305261,activate,1972-01-31,2020-12-31
DelBreadth,1,75,1996-10-31,6.25,3.4043215771274227,0.11708475858235876,0.6509062253064997,120,240,2.6267288395266095,0.06954792282691638,4.337188491269769,-0.03309236205837487,120,1.0187324580566886,1.632175539619724,activate,1980-07-31,2020-01-31
DelCOA,1,49,1984-02-29,4.083333333333333,3.4368954556525324,0.13140056692390573,0.6099446137411109,120,240,2.0913230988984193,0.08169577110200743,0.8394995225328287,0.09614533720159901,120,0.5180234536543669,2.980641266288118,activate,1970-01-30,2020-12-31
DelCOL,1,47,1983-12-30,3.9166666666666665,3.483325607036872,0.13406159225422656,0.6037405532869063,120,240,1.7701775634258923,0.060340119078383964,0.8461229066527176,0.03798353811067816,120,0.28635627233866134,1.953049565240858,activate,1970-01-30,2020-12-31
DelEqu,-1,61,1985-02-28,5.083333333333333,0.6082992946321424,0.020437606439812794,0.7688426025196587,120,240,2.9957890181934776,0.05022138282539739,1.1093622687273328,0.05046474878284165,120,0.5805975538187048,1.9216278537039821,reject,1970-01-30,2020-12-31
DelFINL,1,33,1982-10-29,2.75,3.7251371429638382,0.15144833677648922,0.5625232960332109,120,240,1.4509369632438776,0.16744964600316942,0.7404331433032902,-0.04683403327044858,120,0.8537631018372125,6.684093526640921,activate,1970-01-30,2020-12-31
DelLTI,-1,58,1984-11-30,4.833333333333333,0.6362934064412482,0.022124326067035523,0.7648376340063368,120,240,1.019230297671863,0.051380247024943246,1.7301425647935422,0.10088669325704176,120,0.16780683577779829,1.4342786208505371,reject,1970-01-30,2020-12-31
DelNetFin,1,31,1982-08-31,2.583333333333333,3.5995915219322354,0.14737399806888105,0.5696021640734517,120,240,1.3039232668627714,0.154060744844633,1.0967284995827415,-0.0521795431236878,120,0.7427711578977203,6.253895360035368,activate,1970-01-30,2020-12-31
DivInit,1,46,1983-11-30,3.833333333333333,3.6086264950228024,0.13956090036572744,0.5924198957451424,120,240,1.7188889205886453,0.10016022098669172,1.6428317375641477,0.18516478312171136,120,0.8014609996367206,4.451609743083791,activate,1970-01-30,2020-12-31
DivOmit,1,62,1985-03-29,5.166666666666666,3.551395202467043,0.12976509790199664,0.6195522691888746,120,240,3.2138820025893446,0.04061691739965904,0.8893898629914454,0.10286684605348677,120,-0.04744987925071203,-0.17603157623970694,activate,1970-01-30,2020-12-31
DivSeason,1,8,1980-09-30,0.6666666666666666,3.4970831359451657,0.1550915216578734,0.5425349359368552,120,240,0.6058898661829045,0.21268292519237567,0.6461612775333608,0.06213059240848341,120,0.4536696785012727,10.484839108776885,activate,1970-01-30,2020-12-31
DivYieldST,1,20,1981-09-30,1.6666666666666665,3.641060061799564,0.15491559376317496,0.5492784282515776,120,240,1.4132107643212548,0.1648310062577716,1.3726285591071454,0.16596548811042477,120,0.8198989376059809,5.601854206217301,activate,1970-01-30,2020-12-31
DolVol,-1,71,1985-12-31,5.916666666666666,1.0207735756496437,0.033295697334269,0.7711765813133288,120,240,6.563188720872925,0.0205026350363207,0.49408818197168525,0.0020171279135027865,120,0.6528601214136991,1.4944315564266806,reject,1970-01-30,2020-12-31
EBM,1,46,1983-11-30,3.833333333333333,3.7567022480910297,0.14623516951316898,0.5790287883914428,120,240,1.4004990384150278,0.0367616270422304,1.0496257509798415,0.10434056739944245,120,0.09611146224075522,0.7462317583588839,activate,1970-01-30,2020-12-31
EP,1,64,1985-05-31,5.333333333333333,3.597412375373295,0.13036486208818115,0.6192764309929933,120,240,3.45387866059005,0.01233150956120659,0.6246272728740688,0.07689045070754866,120,-0.07954833409779076,-0.35187650863874514,activate,1970-01-30,2020-12-31
EarnSupBig,1,21,1981-10-30,1.75,3.81649254533741,0.16220838428443912,0.5353516996853357,120,240,1.9994535414573245,0.04074109811728159,1.1800945684177109,0.18075127100114502,120,0.20829387642984745,1.2354437407398562,activate,1970-01-30,2020-12-31
EarningsConsistency,1,71,1985-12-31,5.916666666666666,3.6184159405750522,0.1276416895589131,0.62793623860833,120,240,1.7289045161287726,0.04503677802649246,0.7214203153549043,0.12398234939670603,120,0.330982316748498,2.291430170341796,activate,1970-01-30,2020-12-31
EarningsForecastDisparity,1,21,1993-10-29,1.75,3.6793856642666647,0.15612503623105567,0.5474151433475986,120,240,1.885667459682964,0.09542262418831964,2.5882356150940797,0.1883662029328478,120,0.915296682974572,3.1034373803316972,activate,1982-01-29,2020-06-30
EarningsStreak,1,20,1996-07-31,1.6666666666666665,3.6447169235395105,0.15491559376317496,0.5492784282515776,120,240,2.2269872103136645,0.10484495227355459,0.543379579911451,0.16095146837437369,120,0.8305053861744088,5.368745544712624,activate,1984-11-30,2020-12-31
EarningsSurprise,1,11,1980-12-31,0.9166666666666666,3.488524057774719,0.15262784281523215,0.5488624032430872,120,240,2.283924730752978,0.11189441436626961,0.44094907673448647,0.09259524220684359,120,1.0033993442125848,7.8804540303752235,activate,1970-01-30,2020-12-31
EntMult,1,46,1983-11-30,3.833333333333333,3.848516397085139,0.14957744525274655,0.5722178126318235,120,240,3.157574246117578,0.10304835576745539,1.1203286842078788,0.22284965043545008,120,1.413634838713665,6.9334732300169195,activate,1970-01-30,2020-12-31
EquityDuration,-1,42,1983-07-29,3.5,-0.04863753507117058,-0.0014874667005163322,0.7520690506752556,120,240,4.373733502588568,0.025197982020275234,0.7106073755162418,0.15380759507831354,120,0.9753089941686629,3.123664407860479,reject,1970-01-30,2020-12-31
ExchSwitch,1,50,1984-03-30,4.166666666666666,3.430608555970556,0.13089999334919197,0.611430538981822,120,240,3.229792098714866,0.038273640221848204,0.5546019232313931,0.0029909163451816287,120,0.30551229226180676,1.3983204007142973,activate,1970-01-30,2020-12-31
ExclExp,-1,70,2000-03-31,5.833333333333333,0.837498483419026,0.027474926387732555,0.7743057895135076,120,240,3.414918644917579,0.01839184662996429,0.35352111550158166,0.18807559879421157,120,0.30432118704258654,1.296599056705282,reject,1983-07-29,2020-06-30
FEPS,1,23,1988-01-29,1.9166666666666665,3.5111705684365146,0.14810947591353996,0.5640252045418191,120,240,3.968214948053616,0.08471591485085539,3.5272202786445654,0.20320415584298435,120,1.0804292131383082,2.886962854689961,activate,1976-02-27,2020-06-30
FR,1,26,1993-09-30,2.1666666666666665,3.4408394513832277,0.14308627931178852,0.5752562165304239,120,240,2.5440263686596283,-0.021454284005617143,2.0160171339295525,0.1829250300432025,120,-0.07350285730524769,-0.27712420105315483,activate,1981-07-31,2020-12-31
FirmAge,-1,46,1983-11-30,3.833333333333333,-0.06413851034463636,-0.0021895440731783955,0.7566735358973246,120,240,2.447488997620371,-0.024899709673604168,0.7780306049507719,0.18346220687943862,120,-0.3076927934042629,-1.552203562790191,reject,1970-01-30,2020-12-31
FirmAgeMom,1,22,1982-10-29,1.8333333333333333,3.5310541393221135,0.1495024184373706,0.560813243335936,120,240,4.510487100164142,0.14100700209433445,1.5119058845717284,0.20118793494715975,120,1.441953369714907,4.376969437336866,activate,1970-01-30,2020-12-31
ForecastDispersion,1,41,1989-07-31,3.4166666666666665,3.422576010903312,0.1345901648997755,0.599602614486442,120,240,2.6743758250669574,0.048876457043815574,3.5133421167295813,0.11414095221328874,120,0.7072943979062615,2.3950052836059936,activate,1976-02-27,2020-06-30
Frontier,1,44,1983-09-30,3.6666666666666665,3.658678502898179,0.14310609714091627,0.5844031081395158,120,240,4.742558929072622,0.10175736944978449,1.0421223083143256,0.05462495440548947,120,1.9133663100113176,4.389810789581682,activate,1970-01-30,2020-12-31
GP,1,118,1989-11-30,9.833333333333332,3.2645482583420353,0.09277666678166324,0.7187664790028739,120,240,3.400132129432523,0.03568684155677152,0.6910823031617976,-0.01557607658299124,120,0.5057494898427508,1.9143900082236538,activate,1970-01-30,2020-12-31
GrAdExp,1,78,1986-07-31,6.5,3.4660295405114994,0.1179653008244076,0.6505788568377425,120,240,4.914359895015477,0.03128993562479262,0.2105644915522841,0.048292895671329744,120,0.5040298700754443,2.4784782789953987,activate,1970-01-30,2020-12-31
GrLTNOA,-1,44,1983-09-30,3.6666666666666665,0.0905192851835725,0.0036840219156068013,0.7542757505073446,120,240,2.2389538686456727,0.03820543939982771,0.5174396590405018,0.21644938786107473,120,0.36072413472962955,2.67637039003833,reject,1970-01-30,2020-12-31
GrSaleToGrInv,1,59,1984-12-31,4.916666666666666,3.4256891188580685,0.12562130184110176,0.6262844253185803,120,240,1.2239299741857297,0.0968623832786333,1.231997731503334,0.08226581040629363,120,0.30084406193596264,2.5993641911736134,activate,1970-01-30,2020-12-31
GrSaleToGrOverhead,-1,65,1985-06-28,5.416666666666666,-0.6345283682866961,-0.021392604597062513,0.7726151975626607,120,240,2.060258615260771,-0.0038247358533353352,0.5186599381662376,-0.017914982656532796,120,0.06736295809797674,0.5542488297767614,reject,1970-01-30,2020-12-31
Herf,-1,56,1984-09-28,4.666666666666666,-0.06192238697045549,-0.0020876634849586184,0.7679956387934923,120,240,1.18178099887939,0.10156681933037551,2.1085719553985496,0.2879836543330801,120,0.15377656001680207,1.2714978789234215,reject,1970-01-30,2020-12-31
HerfAsset,-1,47,1983-12-30,3.9166666666666665,-0.16628893525795213,-0.005812089566350813,0.7575197026172308,120,240,1.1368358543206194,0.0800443550639212,2.586785420923045,0.24706873340967067,120,0.13197239908660216,0.9013628841045289,reject,1970-01-30,2020-12-31
HerfBE,-1,42,1983-07-29,3.5,-0.016906050313817422,-0.0007437276326178396,0.7520858309629954,120,240,1.297187917043417,0.06916163943513126,2.059168622007127,0.28937787467091597,120,0.094597669881179,0.6390531794024331,reject,1970-01-30,2020-12-31
High52,1,60,1985-01-31,5.0,3.4907396377756643,0.12834982933595063,0.6214134578601345,120,240,5.9354338481708915,0.03791633495190881,0.5420230925214108,0.09149926804778953,120,0.6802549427966417,1.6877471915962452,activate,1970-01-30,2020-12-31
IO_ShortInterest,1,19,1991-07-31,1.5833333333333333,3.5748333248061472,0.15282560944236906,0.5528196572201369,120,240,11.932926288158477,0.06461241814368854,1.0787309844446826,0.02961340395871281,120,2.7956427197382747,2.7066706702571297,activate,1979-11-30,2020-12-31
IdioRisk,1,45,1983-10-31,3.75,3.4228741656088184,0.1325777653486258,0.6055893782257465,120,240,6.12533728912886,0.06953279581224799,0.861254181430283,0.17858886170605745,120,1.825767614932036,4.51488736186201,activate,1970-01-30,2020-12-31
IdioVol3F,1,46,1983-11-30,3.833333333333333,3.410457525985294,0.13207629987439679,0.6070812068816973,120,240,6.296163654987048,0.06291028733178637,0.8350888675450018,0.16556824464713973,120,1.5977920076417547,3.863978109217039,activate,1970-01-30,2020-12-31
IdioVolAHT,1,48,1984-01-31,4.0,3.422208058730802,0.13107538964638532,0.610058852675712,120,240,6.441397869129679,0.04555923338407188,1.0047061720097046,0.24814686088790938,120,1.4292553096623406,3.0442334817256302,activate,1970-01-30,2020-12-31
Illiquidity,1,40,1983-05-31,3.333333333333333,3.541230210020836,0.14014398191158683,0.5883051155622523,120,240,3.872345683061816,0.010849148294795859,0.5452994548762842,0.02787638173141415,120,-0.0413397285933094,-0.1692078877954916,activate,1970-01-30,2020-12-31
IndIPO,1,94,1993-03-31,7.833333333333333,3.445832704032965,0.10967405775260082,0.6744385662807393,120,240,3.8058469256313914,0.04454682236400569,1.0081120422779792,0.1840105823252901,120,0.9041671141109178,2.0030774443534463,activate,1975-05-30,2020-12-31
IndMom,1,35,1982-12-31,2.9166666666666665,3.441180119253012,0.13847699739192865,0.5889386174645707,120,240,2.2253959159135595,0.05910451027704862,1.2849134126421144,0.3901677561270259,120,0.10727008332450136,0.618495707194034,activate,1970-01-30,2020-12-31
IndRetBig,1,11,1980-12-31,0.9166666666666666,3.8135946534726495,0.16764603711161424,0.5197754632596177,120,240,2.7948200599504953,0.24785188416751497,1.5858223491190058,0.1825609939274665,120,1.9187978402562644,8.237909523210321,activate,1970-01-30,2020-12-31
IntMom,1,26,1982-03-31,2.1666666666666665,3.504438402996834,0.1456804400508763,0.5702942937936026,120,240,5.027724692392275,0.1166247135788827,1.1510268097503102,-0.02174518919443023,120,2.2189748993307306,4.594066364775585,activate,1970-01-30,2020-12-31
IntanBM,-1,117,1989-10-31,9.75,2.234777926846118,0.06077725728872336,0.7758601589274217,120,240,4.374774412748734,0.0033351559044082356,0.3690523582458894,0.25171705831436647,120,-0.01799292575868076,-0.07916390359492598,reject,1970-01-30,2020-12-31
IntanCFP,1,94,1987-11-30,7.833333333333333,3.4732377621443593,0.11114869861028026,0.6714665171910824,120,240,3.6991109177897536,0.014236800464785905,0.5550194981703783,0.24459429337419428,120,0.06746678951437812,0.32570589217497536,activate,1970-01-30,2020-12-31
IntanEP,-1,115,1989-08-31,9.583333333333332,1.8156110192200834,0.04898233102423339,0.7918015316635291,120,240,3.356967604344729,0.00725188428696971,0.4911569089600449,0.16809192515030086,120,0.1099192847657176,0.5777245266933868,reject,1970-01-30,2020-12-31
IntanSP,-1,68,1985-09-30,5.666666666666666,0.8976592278708037,0.029749060892649438,0.7707833314697257,120,240,5.043288135035789,0.007438200345549569,0.5527855059028551,0.10006781562225771,120,0.03247149177623676,0.08651821066525858,reject,1970-01-30,2020-12-31
InvGrowth,1,37,1983-02-28,3.083333333333333,3.528176486898022,0.1408452762946588,0.5854080898938534,120,240,2.502168318871728,0.12293064052366891,1.3737886608846452,0.11208586435796229,120,0.8232683874014991,3.278847716705221,activate,1970-01-30,2020-12-31
InvestPPEInv,1,31,1982-08-31,2.583333333333333,3.9252884207128655,0.16107070635570722,0.5421735038041886,120,240,1.9118857712159423,0.1363191656816292,1.0322941961086123,0.050798157390208064,120,0.7746991712154775,3.967110453033924,activate,1970-01-30,2020-12-31
Investment,-1,67,1985-08-30,5.583333333333333,0.7462055844618443,0.024525269765914737,0.7730349275746519,120,240,1.9192214520232382,0.04406267533381349,1.8667718085433962,0.18766249708124885,120,0.24762111951786675,1.4895597065929669,reject,1970-01-30,2020-12-31
LRreversal,-1,59,1984-12-31,4.916666666666666,0.5819482807823935,0.019943226153180185,0.7669247336137581,120,240,5.2397805894563065,0.03246989729951906,0.7403997468654107,0.20353284668532395,120,0.5096276940183297,1.1464440142108956,reject,1970-01-30,2020-12-31
Leverage,1,46,1983-11-30,3.833333333333333,3.8099959952709326,0.14790597770419275,0.5756324657122919,120,240,3.231403028854407,0.046707366476436016,1.4816208366401142,0.36572269098926435,120,0.5984890637301163,2.2971774214093146,activate,1970-01-30,2020-12-31
MRreversal,-1,47,1983-12-30,3.9166666666666665,0.06572441315349808,0.002179205878613269,0.7578224309387923,120,240,3.633815447526088,0.03550574024348527,0.7597535681054977,0.06265573134315391,120,0.5622726834826214,1.8818640545261303,reject,1970-01-30,2020-12-31
MS,1,40,1989-06-30,3.333333333333333,3.70123252057178,0.14688821278012115,0.5749501180133213,120,240,7.685523807482417,0.041870626283997875,0.25899700093418204,0.033042082241219566,120,1.36260938922567,4.078612188066727,activate,1974-09-30,2020-12-31
MaxRet,1,45,1983-10-31,3.75,3.7881909687437934,0.14760141749518896,0.5758070974929853,120,240,5.5815378315189355,0.06112992348367031,1.2307749420885492,0.1460528013496909,120,1.4506519854061446,3.2968740232277907,activate,1970-01-30,2020-12-31
MeanRankRevGrowth,1,42,1983-07-29,3.5,3.4972042318014536,0.13743718132575122,0.5946089877270153,120,240,2.4540309184560143,0.03442206165246965,0.7639171675719219,0.09793166744882578,120,0.38224362283641766,1.8980371047230267,activate,1970-01-30,2020-12-31
Mom12m,1,35,1982-12-31,2.9166666666666665,3.8024912993981674,0.1537875834437163,0.5587571333959344,120,240,6.178622939233541,0.06488933357759953,0.778058366519954,-0.039865612233644786,120,1.0649059986372211,2.0208233297482026,activate,1970-01-30,2020-12-31
Mom12mOffSeason,1,40,1983-05-31,3.333333333333333,3.4950505702789045,0.13845989477355697,0.591592345244451,120,240,7.219485537739294,0.06309739709590947,0.530936899565217,0.018692248543668525,120,1.2465437742324166,2.2840413591741497,activate,1970-01-30,2020-12-31
Mom6m,1,55,1984-08-31,4.583333333333333,3.530146087021068,0.13248356355917193,0.6108087936033963,120,240,6.117405155753341,0.04325100121041647,0.5889812059048053,-0.02448276161740189,120,0.4197176167655163,0.9625655402183553,activate,1970-01-30,2020-12-31
Mom6mJunk,1,22,1990-10-31,1.8333333333333333,3.439407055596095,0.1451478323492552,0.5691366092475426,120,240,3.9005324842880693,0.1224584579516191,3.4506027178550487,-0.03518009176714165,120,1.9154607868168219,2.7272355244695,activate,1978-12-29,2017-03-31
MomOffSeason,-1,76,1986-05-30,6.333333333333333,1.1163518365545126,0.0357534356856032,0.7739984727350694,120,240,6.318047355037778,0.03807302555124496,0.7701443400615774,0.11182344922400875,120,1.206078760122453,1.8898071305829063,reject,1970-01-30,2020-12-31
MomOffSeason06YrPlus,1,51,1984-04-30,4.25,3.501545839809331,0.132865886091399,0.6080926897687532,120,240,3.5753686259115613,0.045396932645035644,0.4954013510838736,0.1542014462573757,120,0.7642429524205211,3.1730451662439756,activate,1970-01-30,2020-12-31
MomOffSeason11YrPlus,1,77,1986-06-30,6.416666666666666,3.4655813414996506,0.1184454119186507,0.6491567355340804,120,240,2.872060058823832,0.025047042587599475,0.592470062617135,0.11211861406915052,120,0.1703834841441415,0.845917661642124,activate,1970-01-30,2020-12-31
MomOffSeason16YrPlus,1,33,1982-10-29,2.75,3.5190072568327766,0.14291087829452992,0.5793277874429993,120,240,2.7015653967999365,0.026207145693647602,1.2441634585187626,0.061657146752941754,120,0.26688411097476983,0.8387768246601319,activate,1970-01-30,2020-12-31
MomRev,1,38,1983-03-31,3.1666666666666665,3.4980896209584107,0.13948495269311154,0.5885687874005097,120,240,4.436654238330375,0.07974342260865905,0.7828035688677007,0.09134878332897536,120,0.6972221916565234,1.9667198544721969,activate,1970-01-30,2020-12-31
MomSeason,-1,69,1985-10-31,5.75,-0.8950891049714641,-0.02960599048848395,0.7718856896761384,120,240,3.2217886090047947,0.07451260937972586,0.7413440750571919,0.11559305369443153,120,1.2030813098811506,4.792047644186191,reject,1970-01-30,2020-12-31
MomSeason06YrPlus,1,61,1985-02-28,5.083333333333333,4.01145945176488,0.14895465868105107,0.5796376478718154,120,240,2.349724195036748,0.06368856217482416,1.294243005149067,-0.008970740763043219,120,0.40749614898247893,1.5883692269081127,activate,1970-01-30,2020-12-31
MomSeason11YrPlus,1,45,1983-10-31,3.75,3.80263460867606,0.1484383493913558,0.574105000333862,120,240,2.147314599442595,0.1010952055086277,1.1807393085856623,-0.08234548433713743,120,0.774654575762655,3.5180842015421048,activate,1970-01-30,2020-12-31
MomSeason16YrPlus,1,95,1987-12-31,7.916666666666666,3.3388853326651247,0.1055575417897286,0.6831054888184288,120,240,2.844315145104768,0.059271185660364364,0.6260282714429476,0.04623641229952835,120,0.8087802459915191,3.6154567083579137,activate,1970-01-30,2020-12-31
MomSeasonShort,1,45,1983-10-31,3.75,3.656122503388726,0.1425836766287035,0.5859202785847832,120,240,3.7669111691743855,0.10035387677759901,0.624721116187139,0.07924986674115696,120,1.6120198399156687,5.770202383922375,activate,1970-01-30,2020-12-31
MomVol,1,38,1983-03-31,3.1666666666666665,3.5431421988199716,0.14117570007110603,0.5852742819676742,120,240,6.8576126311565275,0.10283413223437374,0.7622799451680602,0.19909760742880034,120,2.5381271372944028,4.4023705045329224,activate,1970-01-30,2020-12-31
NOA,1,33,1982-10-29,2.75,3.8916297513245017,0.15912727887244685,0.5470173847134311,120,240,2.5189223601943365,0.15469513467533638,1.2851906481898427,0.13498560949959915,120,1.1161092446344918,4.703083407673923,activate,1970-01-30,2020-12-31
NetDebtFinance,1,9,1983-04-29,0.75,3.705075044613557,0.1634396666583296,0.5270552366985659,120,240,1.6732396838376777,0.16184034366272576,1.3748812970786002,0.08539354277564741,120,0.7770749580245102,5.286282750972336,activate,1972-07-31,2020-12-31
NetDebtPrice,1,62,1985-03-29,5.166666666666666,3.4051898746212976,0.12335029451438266,0.6322252320203459,120,240,2.144478016875348,0.10311482806659675,1.7623431488240622,0.2544759748051353,120,0.46566062472958253,1.957474296317821,activate,1970-01-30,2020-12-31
NetEquityFinance,1,17,1983-12-30,1.4166666666666665,3.3918685821538146,0.1459760907278948,0.5647653448304607,120,240,2.0139758603137214,0.17091259832989766,5.992080389259915,0.11688486484879487,120,0.9615893000422956,3.744192077415737,activate,1972-07-31,2020-12-31
NetPayoutYield,1,47,1983-12-30,3.9166666666666665,3.554745463023296,0.13738204024206957,0.5972207757761505,120,240,3.223263027299596,0.0648759078027553,1.2512803447577912,0.18704489852068243,120,0.8924403036141041,3.2170339563244545,activate,1970-01-30,2020-12-31
NumEarnIncrease,1,21,1981-10-30,1.75,3.7926332147069965,0.16134046346358905,0.5370866294679957,120,240,1.1826325253945176,0.1540415922604731,0.7350421723365588,0.06872597235875348,120,0.6937262937954716,9.1427374650437,activate,1970-01-30,2020-12-31
OPLeverage,1,35,1982-12-31,2.9166666666666665,3.895873798151429,0.15803986477446796,0.5501128921933072,120,240,3.1672895987577543,0.039543278679364816,0.8305432847755805,0.2823986905187892,120,0.4268031260640471,1.9596049884838471,activate,1970-01-30,2020-12-31
OScore,1,34,1984-11-30,2.833333333333333,3.5256917055424504,0.14239368488363274,0.5808501970669443,120,240,3.722355181033319,0.06671627292214347,2.3845925384085738,0.1766562043651485,120,0.8717940237027864,2.2391575537021895,activate,1972-01-31,2020-12-31
OperProf,1,34,1982-11-30,2.833333333333333,3.799206463374944,0.15432484092599774,0.5572156498360922,120,240,2.1928256051159947,0.09063909801497395,1.252444711359296,0.15373677280849907,120,0.9831798061120144,5.03250959606058,activate,1970-01-30,2020-12-31
OperProfRD,-1,42,1983-07-29,3.5,-0.030238852350315787,-0.0014874667005163322,0.7520690506752556,120,240,4.348522871916291,0.04468347234545224,0.8388732086408953,0.14708261180506912,120,0.8417085080369434,2.415563764129289,reject,1970-01-30,2020-12-31
OrderBacklog,1,104,1990-03-30,8.666666666666666,3.3794380285688663,0.10296325876990899,0.6923173158017857,120,240,2.6072374724162004,0.04107246487723623,0.7392382308030069,0.1427254015355891,120,0.6260404857419544,2.766439293030876,activate,1971-07-30,2020-12-31
OrderBacklogChg,-1,48,1986-07-31,4.0,0.17724455403112482,0.006507999644315449,0.7585726226147886,120,240,2.9023020135260316,0.015382771806789224,0.9043241769896566,0.012487800140124997,120,0.4609807900652445,1.6984331052410058,reject,1972-07-31,2020-12-31
OrgCap,1,65,1985-06-28,5.416666666666666,3.556013854891843,0.12826108347973053,0.6239617666832663,120,240,2.638144313611428,0.02035890149858692,0.9864672389791997,0.03671613683770733,120,0.1668352595834962,0.7446264774778127,activate,1970-01-30,2020-12-31
PS,1,63,1987-04-30,5.25,3.528179145611482,0.12765884835330246,0.624223636226033,120,240,6.197709333579993,0.034976690447001794,0.6869220530886846,0.003942522260579676,120,0.4097722572687347,1.1065679947463916,activate,1972-01-31,2020-12-31
PatentsRD,1,34,1990-05-31,2.833333333333333,3.486904599048371,0.1406900636028908,0.5841481081651568,120,240,1.0824305645324923,0.07397452090690211,2.941531461701702,0.07147889238200718,120,0.4239274108169229,2.2188708280637552,activate,1977-07-29,2008-06-30
PayoutYield,1,11,1980-12-31,0.9166666666666666,-3.405582880101996,-0.14907483742510172,0.5555262842179212,120,240,3.1306045192571736,0.03004084379562222,1.0211793751281488,0.12141588314414938,120,0.8505276799468199,3.2724582524725614,activate,1970-01-30,2020-12-31
PctAcc,1,84,1987-01-30,7.0,3.397974400505657,0.11283507249923325,0.6635768664213907,120,240,2.222214778677807,0.05951073560026475,0.6393506188695485,0.17506245320247474,120,0.4954207828431887,2.9273044748614874,activate,1970-01-30,2020-12-31
PctTotAcc,1,19,2000-02-29,1.5833333333333333,3.5258369878405813,0.15020115190897063,0.5578681507230276,120,240,1.720317007536464,0.042551150376241895,0.7343250721120619,0.05428739598721635,120,0.20689748541518535,1.295313419330936,activate,1988-07-29,2020-12-31
PredictedFE,-1,61,1998-08-31,5.083333333333333,-0.6784738105344668,-0.023181269954343622,0.7675023633704513,120,240,3.5643346560119653,-0.008338751836946899,1.5803363465054179,0.08082834261841991,120,-0.12076338942715242,-0.24232604122561754,reject,1983-07-29,2020-06-30
Price,-1,54,1984-07-31,4.5,0.3322074069068106,0.011953962362815138,0.7642553622667355,120,240,6.834515141680422,-0.005476782955458492,0.7402328422332093,0.08133855141349486,120,-0.1979928811649628,-0.36352247183130704,reject,1970-01-30,2020-12-31
PriceDelayRsq,1,50,1984-03-30,4.166666666666666,3.4304143732680057,0.13089999334919197,0.611430538981822,120,240,3.760572304757343,0.01477403510016077,0.9343025740746813,-0.03024537195124631,120,0.08194103381910457,0.24579840324824198,activate,1970-01-30,2020-08-31
PriceDelaySlope,-1,98,1988-03-31,8.166666666666666,1.638276939431642,0.047677375315944154,0.7808010162386432,120,240,2.246955937990038,0.011291239137907765,0.5810665573542615,0.008996052323301489,120,0.05791405572367338,0.4130750005874661,reject,1970-01-30,2020-08-31
PriceDelayTstat,-1,49,1984-02-29,4.083333333333333,0.17401200300423136,0.006477194588254596,0.7597153983218335,120,240,2.16913258274931,0.004209072264350602,0.695613958326441,-0.004743412392611275,120,0.033262975241730254,0.21105323925331207,reject,1970-01-30,2020-08-31
RD,1,61,1985-02-28,5.083333333333333,3.8034194247439594,0.1399861072309699,0.5983559279872338,120,240,2.925908772087282,0.132607010012792,1.6772933818973343,0.3147184662375978,120,0.9699783914220066,3.693310448028481,activate,1970-01-30,2020-12-31
RDAbility,-1,47,1983-12-30,3.9166666666666665,0.20490343132760858,0.007265826335812416,0.7573215940285827,120,240,3.5996973776730967,0.01842804461658151,0.8236107376832171,0.09245389993662549,120,0.5503421643054581,1.8447532788586947,reject,1970-01-30,2020-12-31
RDIPO,1,100,1995-09-29,8.333333333333332,3.3085806917822915,0.10188579964195621,0.6926681324530964,120,240,7.585464835779529,0.026881297769519207,0.18227995014737888,0.01680425722902576,120,0.725333361900079,2.1939989477485113,activate,1977-01-31,2020-12-31
RDS,-1,67,1989-02-28,5.583333333333333,-0.8733400904794726,-0.029219805362799684,0.7701323443191481,120,240,3.4308731052384305,0.031144799178778902,0.48074268900760886,0.060167602937863364,120,0.42819813629534154,2.2366058639161346,reject,1973-07-31,2020-12-31
RDcap,1,11,1991-06-28,0.9166666666666666,3.720462950649549,0.16324524121472836,0.5284465212035965,120,240,1.9532027938536327,0.10088366630963279,4.631209973501152,0.2555264457637408,120,0.8012196737583899,1.8472558281959588,activate,1980-07-31,2020-12-31
REV6,1,22,1988-07-29,1.8333333333333333,3.6891097582721684,0.15559103865984544,0.5489631283476547,120,240,3.262021935814661,0.10211514701833287,1.7862251914499883,-0.020536598201730927,120,1.7626467221049429,6.336327154502111,activate,1976-09-30,2020-06-30
RIO_Disp,-1,55,1990-12-31,4.583333333333333,0.45079383528088823,0.016107410947991292,0.7640946689666817,120,240,5.573380752428874,0.02615025074645195,0.5699117549707,0.03064019114538353,120,0.7897543690364093,2.111802827371902,reject,1976-02-27,2020-06-30
RIO_MB,1,40,1983-05-31,3.333333333333333,3.4930590926811136,0.13845989477355697,0.591592345244451,120,240,4.987542693760843,0.038242095744451886,0.5092419324425391,0.1729195273505802,120,0.3855941680270484,1.3631849657818789,activate,1970-01-30,2020-12-31
RIO_Turnover,1,36,1983-01-31,3.0,3.481630552080925,0.13966385844904006,0.587181366831128,120,240,4.623007320771285,0.009592012384402977,0.4243487393498842,0.057211853673867566,120,-0.05768171336350678,-0.2361827808728091,activate,1970-01-30,2020-12-31
RIO_Volatility,1,37,1983-02-28,3.083333333333333,3.4767313466960235,0.13915158914806242,0.5886955331658718,120,240,5.2252833597635435,0.03502115650712771,0.39051516698773747,0.08743646072029912,120,0.8949294724680115,3.2499195157640353,activate,1970-01-30,2020-12-31
ResidualMomentum,1,24,1982-01-29,2.0,3.5014898071704077,0.14671984886928272,0.5672284058803422,120,240,3.049789758817826,0.14070242149154222,0.7154328093966899,0.019524431539061176,120,1.3157136354789727,5.465288507072055,activate,1970-01-30,2020-12-31
ReturnSkew,1,26,1982-03-31,2.1666666666666665,3.7387195739091834,0.15604821691830018,0.5500145213079751,120,240,1.200225471406947,0.06752037518494222,1.6477322326601411,0.1637808476363072,120,0.3159533520868332,2.6621088416582337,activate,1970-01-30,2020-12-31
ReturnSkew3F,1,27,1982-04-30,2.25,3.6950904511324287,0.15378827491931146,0.5549834335363726,120,240,1.0429784651007685,0.04110514009225435,1.5073673391484543,0.12529505678724143,120,0.1599106367692129,1.719619544152739,activate,1970-01-30,2020-12-31
RevenueSurprise,1,35,1982-12-31,2.9166666666666665,3.6677723801056024,0.14783156642276524,0.5706797910666954,120,240,2.086436811547968,0.08951269128462444,0.36687342753906066,0.06931143390398677,120,0.7762613826962304,6.091794685261018,activate,1970-01-30,2020-12-31
RoE,-1,49,1984-02-29,4.083333333333333,0.3393986979408374,0.012241812241352304,0.7585786616650676,120,240,2.102585471635337,0.03742464270969053,0.7648676780127144,0.21211543197407623,120,0.43963497902127846,3.3867405317046524,reject,1970-01-30,2020-12-31
SP,1,45,1983-10-31,3.75,3.5834942033208224,0.1392432519044025,0.5925627560485893,120,240,4.5442564533473515,0.0532059612105014,0.5671634207037173,0.31204201887001876,120,0.9483589144156848,3.9161256960289315,activate,1970-01-30,2020-12-31
STreversal,1,30,1982-07-30,2.5,3.421527688041714,0.1401743716888348,0.5829899459443431,120,240,5.576760165529238,0.13716605805775348,0.6805744949272395,0.06931328262611339,120,2.743133817587045,6.595392908948929,activate,1970-01-30,2020-12-31
ShareIss1Y,1,31,1982-08-31,2.583333333333333,3.5546414874545436,0.14566036617869274,0.5729502256172645,120,240,1.669493945836307,0.09844788741576252,1.0811096324937666,0.09632479860680829,120,0.3999968205207537,2.8817804365324733,activate,1970-01-30,2020-12-31
ShareIss5Y,1,40,1983-05-31,3.333333333333333,3.480424023292038,0.13761822314096536,0.5932278586094538,120,240,2.6816160301877696,0.059139795228930474,0.5978372905414175,0.018178079372936203,120,0.6459748723444005,3.3929582564623706,activate,1970-01-30,2020-12-31
ShareRepurchase,1,28,1984-11-30,2.333333333333333,3.6130089530939347,0.1498112045807661,0.5633141454993802,120,240,0.6665315034265398,0.09004022192741745,6.781641345351603,0.09772870035973208,120,0.11630906949678305,1.0240636588045886,activate,1972-07-31,2020-12-31
ShareVol,1,72,1986-01-31,6.0,3.4437585720884223,0.12007786697418892,0.6435554284108672,120,240,5.061851780788753,0.042967842482458704,0.5020389391864757,-0.013347848702306488,120,0.7720990752561238,2.3445243217566145,activate,1970-01-30,2020-12-31
ShortInterest,1,22,1984-12-31,1.8333333333333333,3.4349293311225444,0.1451478323492552,0.5691366092475426,120,240,3.0125873082374492,0.08900897964577778,0.6913225294192816,0.024589501783171885,120,0.772289992009637,4.5923663116571785,activate,1973-02-28,2020-12-31
Size,-1,69,1985-10-31,5.75,0.9107431009554883,0.03027309579525708,0.7714236306854387,120,240,3.2718405896302754,0.007828684477286194,0.8346894840975384,0.07782943920998822,120,0.09308929473648879,0.33948301306352113,reject,1970-01-30,2020-12-31
Spinoff,-1,55,1984-08-31,4.583333333333333,-0.17386144532166814,-0.006294464749638108,0.7664941303621365,120,240,3.44308395500407,0.02970254970346692,0.6949112357956505,0.10375721031401762,120,0.2567491470281228,1.1479324825795012,reject,1970-01-30,2020-12-31
SurpriseRD,-1,46,1983-11-30,3.833333333333333,0.02807987058844219,0.000729832251679656,0.7567177172445682,120,240,1.2614055499049495,0.07030839931160023,1.1301308524403015,0.2609086895910526,120,0.19357003022806266,2.047182486206986,reject,1970-01-30,2020-12-31
Tax,1,47,1983-12-30,3.9166666666666665,3.4471057476116305,0.13240377092281178,0.6069666576146631,120,240,1.9144454664493564,0.08418164415406743,0.6983721331733049,0.02432839012891599,120,0.5762747289945419,4.910146061637788,activate,1970-01-30,2020-12-31
TotalAccruals,-1,58,1984-11-30,4.833333333333333,0.616046675998313,0.021428826530628622,0.7651708169567691,120,240,1.44769654529957,0.06371587947585458,2.8661106140601595,0.09776728145255557,120,0.21339379684427848,0.9400140220369828,reject,1970-01-30,2020-12-31
VarCF,-1,108,1989-01-31,9.0,-2.0521975189388684,-0.05792939029524881,0.7743398779905678,120,240,5.460308439209487,-0.02350764957728267,0.5447804069807965,0.14347297544364196,120,-0.2315149022692174,-0.5460396406421123,reject,1970-01-30,2020-12-31
VolMkt,1,64,1985-05-31,5.333333333333333,3.5259160012066415,0.1271611884146111,0.6256885471551985,120,240,4.749567335161663,0.022387538982088694,0.8360150047840866,0.1352564394059025,120,0.37078370565878477,1.1163058406965987,activate,1970-01-30,2020-12-31
VolSD,1,40,1983-05-31,3.333333333333333,3.4604084500461223,0.1367768173787159,0.5948578814908791,120,240,2.7317977389231554,0.01640611186507447,0.8432619546407776,-0.14558167811899547,120,0.2083882828075507,1.0102056700566915,activate,1970-01-30,2020-12-31
VolumeTrend,1,41,1983-06-30,3.4166666666666665,3.5610674570950795,0.1404697132118441,0.588168278657667,120,240,4.243238463122285,0.04481881351698013,0.33340492302101477,0.12793004693907636,120,0.31286504960918143,1.2972410196035022,activate,1970-01-30,2020-12-31
XFIN,1,21,1984-04-30,1.75,3.4556689727232173,0.14653712284822099,0.5659472012236046,120,240,2.7363880465291324,0.15487079226224024,4.985580045882467,0.11207814798875396,120,1.1970406886103504,4.872484514918408,activate,1972-07-31,2020-12-31
betaVIX,1,31,1998-09-30,2.583333333333333,3.9785527715447317,0.16363324491737363,0.5369177603311016,120,240,2.2820360305243566,0.06879752931315265,3.4148933146223723,-0.01681834197277912,120,0.7828841199507512,1.6838459549937683,activate,1986-02-28,2020-12-31
cfp,-1,45,1983-10-31,3.75,0.07421645823527356,0.0029332754016673027,0.7554821675226797,120,240,2.4710106326425048,0.03185174524589503,2.0811684002135045,0.1936071058694077,120,0.4129954940866224,1.5881441767790707,reject,1970-01-30,2020-12-31
dNoa,1,31,1982-08-31,2.583333333333333,3.9955593778918193,0.16448681380678723,0.5351589123149161,120,240,2.3163594955570286,0.15532214476886383,0.985416223492605,0.0781015246833606,120,1.0729476472262418,4.540086642727397,activate,1970-01-30,2020-12-31
fgr5yrLag,-1,42,1996-01-31,3.5,0.048713497332389416,0.0014874667005163739,0.7520690506752556,120,240,3.9279005602569477,0.0027659070791836568,2.567463133982819,0.0973706754436282,120,-0.012393718474159895,-0.015948667101616774,reject,1982-07-30,2020-06-30
grcapx,1,38,1983-03-31,3.1666666666666665,4.059276304566806,0.16317875856697223,0.540745143523141,120,240,1.641024833101877,0.08543594908210765,1.139725327253944,0.040347806408221436,120,0.2627686148291924,1.5961135394077057,activate,1970-01-30,2020-12-31
grcapx3y,1,37,1983-02-28,3.083333333333333,3.5316318717905126,0.14169238943170454,0.5837564260904521,120,240,1.9426815754538038,0.08143939773763456,1.1830111109514279,0.04823084941986238,120,0.34006410996678765,1.6200267575734746,activate,1970-01-30,2020-12-31
hire,1,42,1983-07-29,3.5,3.427380381011707,0.13408610148607963,0.6011021718510322,120,240,1.7437497460839697,0.0929336578322699,1.27020905751564,0.10761866960525647,120,0.4105295255237922,2.0929257773788743,activate,1970-01-30,2020-12-31
iomom_cust,1,37,1999-03-31,3.083333333333333,3.5710070318273446,0.14338708512845602,0.5804375581297573,120,240,2.7593503107849555,0.04471789124296995,2.5639294542544593,-0.16152070865465953,120,0.3919497191994471,0.812026656358856,activate,1986-02-28,2020-12-31
iomom_supp,1,43,1999-10-29,3.583333333333333,3.8093372253593003,0.14950456313836247,0.5710458508264243,120,240,2.872703830046741,0.04826043549576228,2.257311399008402,-0.022790226854757577,120,0.2650655891618737,0.5909965108309752,activate,1986-02-28,2020-12-31
realestate,-1,64,1985-11-29,5.333333333333333,0.7403176819142385,0.024882567640826907,0.7697283731990676,120,240,2.6847307396398254,0.0499751508513963,1.410344869580994,-0.1093948765698939,120,0.32586593151433874,1.5354884876480182,reject,1970-07-31,2020-12-31
retConglomerate,1,56,1990-10-31,4.666666666666666,3.5036720694661923,0.13034975339830607,0.6155143901385276,120,240,4.065415384696666,0.08067678623823854,0.9920983798317293,0.04616991528474512,120,1.5323051972546433,4.069287974724054,activate,1976-02-27,2018-01-31
roaq,1,47,1983-12-30,3.9166666666666665,3.6312747557273153,0.1407081973181118,0.5906143577123727,120,240,6.526158624591458,0.08870698892748116,0.37033850521385725,0.0955131327451735,120,2.416578568022315,8.115820237008865,activate,1970-01-30,2020-12-31
sfe,-1,45,1990-01-31,3.75,0.06133391388047399,0.0021999154901931675,0.7555209488081484,120,240,3.640508150527988,0.023458312903879414,4.419320572840579,0.21258611633571906,120,-0.07003478991080071,-0.13712750256923095,reject,1976-04-30,2020-12-31
sinAlgo,-1,56,1984-09-28,4.666666666666666,0.5062936931885966,0.01742961141119552,0.7647074824469228,120,240,2.8243366250212283,0.031189878602699336,1.1892508629463046,-0.0301463249406089,120,0.8274859190927962,2.978047890742772,reject,1970-01-30,2020-12-31
std_turn,-1,47,1983-12-30,3.9166666666666665,0.2613830553877957,0.009447352437421092,0.7569419763226206,120,240,4.283326868529513,0.06287494008945368,1.1975572489726858,0.08249335529522744,120,1.2683874052895807,2.9827424189697544,reject,1970-01-30,2020-12-31
tang,1,58,1984-11-30,4.833333333333333,3.473880271158296,0.1285386416808495,0.6200652985150548,120,240,2.9283634482878824,0.0752767156207089,0.6418074224168429,0.2566694986651916,120,0.47442831510384675,3.507015382152926,activate,1970-01-30,2020-12-31
zerotrade,1,64,1985-05-31,5.333333333333333,3.525896946638711,0.1271611884146111,0.6256885471551985,120,240,4.42835738410821,0.029183906568951874,0.7984823355733822,-0.1199020865085767,120,0.47627321754577506,1.3597393058678193,activate,1970-01-30,2020-12-31
zerotradeAlt1,1,55,1984-08-31,4.583333333333333,3.534408003985917,0.13248356355917193,0.6108087936033963,120,240,4.117050071462738,0.03568648636081654,0.6391110238312421,-0.0936089580478097,120,0.4314450734599324,1.4764060867586637,activate,1970-01-30,2020-12-31
zerotradeAlt12,1,48,1984-01-31,4.0,3.5275436279992856,0.13521199992652183,0.6019901924042397,120,240,3.304244389411078,0.030008590815931616,0.835036982360327,-0.11442088300716469,120,0.3084665787256398,1.1646439157767527,activate,1970-01-30,2020-12-31
